Cell_Index,Ecoli_cfu/100ml
0,1755.736476
1,1755.734836
2,1755.741788
3,1755.748914
4,1755.755525
5,1755.352223
6,1754.798985
7,1754.805972
8,1754.155237
9,1753.982632
10,1753.354619
11,1753.08442
12,1752.845343
13,1752.530874
14,1752.114346
15,1751.475286
16,1751.06159
17,1750.674123
18,1750.305134
19,1749.956783
20,1749.081264
21,1749.113001
22,1748.376282
23,1748.287329
24,1747.803591
25,1747.318111
26,1747.137451
27,1746.411662
28,1746.4167
29,1745.591865
30,1744.3353
31,1744.31365
32,1744.197781
33,1744.013022
34,1743.26795
35,1743.051311
36,1742.338755
37,1741.224474
38,1740.71488
39,1740.54283
40,1739.828583
41,1739.898443
42,1739.98654
43,1739.22426
44,1738.64569
45,1738.344759
46,1737.853859
47,1737.356704
48,1737.343738
49,1737.011189
50,1735.948403
51,1735.74057
52,1735.981093
53,1734.398161
54,1733.655783
55,1733.637583
56,1733.617994
57,1733.593463
58,1733.566715
59,1732.9198
60,1730.453819
61,1730.451822
62,1730.438962
63,1730.428586
64,1730.418726
65,1730.392195
66,1729.091455
67,1726.97325
68,1726.960831
69,1726.926396
70,1726.879238
71,1726.920042
72,1727.474168
73,1726.419299
74,1726.033504
75,1725.876881
76,1725.230944
77,1723.798958
78,1723.85968
79,1724.401654
80,1724.062835
81,1723.943282
82,1722.748486
83,1722.227939
84,1721.55599
85,1721.43265
86,1721.378633
87,1720.60471
88,1720.175029
89,1720.024818
90,1720.326629
91,1719.737764
92,1719.095392
93,1716.904104
94,1717.198428
95,1717.77924
96,1716.586912
97,1715.568653
98,1715.776864
99,1715.999296
100,1715.051474
101,1714.626148
102,1713.942697
103,1713.096637
104,1712.789344
105,1713.50499
106,1713.686363
107,1713.656749
108,1713.373547
109,1713.252113
110,1713.405425
111,1712.853528
112,1712.561679
113,1711.80629
114,1712.252096
115,1712.657173
116,1712.080012
117,1711.383122
118,1711.387714
119,1711.472002
120,1709.759212
121,1709.631477
122,1709.512472
123,1709.399394
124,1709.280634
125,1709.406554
126,1708.01288
127,1707.2482
128,1707.2482
129,1706.843108
130,1705.717952
131,1705.407073
132,1705.419496
133,1704.390345
134,1704.175449
135,1703.674874
136,1703.200907
137,1702.979889
138,1702.095608
139,1701.600798
140,1700.987857
141,1700.975709
142,1700.337256
143,1700.803528
144,1700.148207
145,1699.578599
146,1698.849369
147,1698.134722
148,1698.376471
149,1698.023366
150,1696.930917
151,1696.913447
152,1696.794821
153,1696.205554
154,1695.655418
155,1695.203409
156,1694.540149
157,1693.980263
158,1693.545831
159,1693.364656
160,1695.240589
161,1696.087642
162,1695.494932
163,1694.299293
164,1693.017992
165,1692.361794
166,1698.855642
167,1701.04868
168,1701.067473
169,1702.714206
170,1702.985614
171,1701.619696
172,1700.471171
173,1699.977714
174,1698.903358
175,1698.5044
176,1697.470934
177,1697.07
178,1699.19049
179,1702.8732
180,1702.369799
181,1705.376138
182,1705.621024
183,1706.464821
184,1705.760348
185,1704.057475
186,1705.283359
187,1706.681411
188,1706.460653
189,1707.363898
190,1708.839321
191,1708.211217
192,1707.655848
193,1706.809907
194,1706.722862
195,1715.896058
196,1714.419602
197,1715.403323
198,1716.537921
199,1716.45141
200,1715.511681
201,1714.401523
202,1714.819653
203,1713.951163
204,1712.375014
205,1709.331292
206,1709.468746
207,1710.103131
208,1712.151309
209,1715.009041
210,1715.98035
211,1715.216262
212,1714.482106
213,1714.308112
214,1713.899133
215,1714.671107
216,1714.130645
217,1712.429233
218,1710.044874
219,1706.346968
220,1704.1796
221,1702.302549
222,1702.520129
223,1706.266722
224,1708.182328
225,1707.217653
226,1707.162885
227,1705.809984
228,1703.483102
229,1702.486134
230,1701.22502
231,1699.754379
232,1699.728596
233,1700.599468
234,1702.339915
235,1702.509518
236,1700.286392
237,1695.398474
238,1695.680403
239,1697.322403
240,1699.306353
241,1701.206949
242,1703.291729
243,1702.627759
244,1699.872654
245,1698.414853
246,1698.05556
247,1697.914111
248,1695.704424
249,1691.390562
250,1690.962934
251,1689.353196
252,1691.225614
253,1692.481399
254,1692.640955
255,1691.289828
256,1690.180293
257,1690.339336
258,1689.986185
259,1687.690343
260,1687.895962
261,1687.986763
262,1688.21422
263,1688.291089
264,1688.505646
265,1688.553946
266,1687.876994
267,1687.018556
268,1686.275797
269,1685.376553
270,1684.551145
271,1684.299254
272,1683.883312
273,1683.268026
274,1682.849952
275,1682.396049
276,1681.966147
277,1681.511869
278,1680.882128
279,1679.933541
280,1679.619957
281,1678.617236
282,1676.871841
283,1676.118865
284,1675.510538
285,1673.8849
286,1673.484422
287,1674.552549
288,1675.414896
289,1675.271361
290,1675.561153
291,1674.066731
292,1671.601211
293,1671.167455
294,1671.68706
295,1670.490129
296,1669.54807
297,1669.393011
298,1669.097229
299,1668.32973
300,1668.776938
301,1669.267544
302,1669.317236
303,1670.04488
304,1670.165759
305,1669.412558
306,1669.206439
307,1669.170126
308,1669.171729
309,1669.116163
310,1668.32803
311,1666.975908
312,1666.777807
313,1665.880508
314,1665.979035
315,1664.061754
316,1664.008635
317,1663.179869
318,1663.573164
319,1663.483588
320,1662.917916
321,1662.27561
322,1658.349057
323,1658.750094
324,1659.212442
325,1656.895903
326,1654.300219
327,1655.554505
328,1655.622129
329,1655.590984
330,1655.569138
331,1655.211497
332,1653.214035
333,1653.83152
334,1653.446971
335,1649.4995
336,1648.309748
337,1647.754768
338,1642.88636
339,1636.194648
340,1636.816985
341,1637.5159
342,1637.748884
343,1637.669041
344,1637.594169
345,1633.856291
346,1631.650967
347,1631.544453
348,1630.187186
349,1625.143799
350,1624.677066
351,1624.124314
352,1619.416592
353,1617.953747
354,1617.771187
355,1612.476075
356,1609.567382
357,1609.286105
358,1605.744136
359,1600.344109
360,1600.341263
361,1600.336767
362,1589.674891
363,1589.6128
364,1589.6128
365,1583.211837
366,1579.5737
367,1579.5737
368,1572.992465
369,1567.788124
370,1567.653394
371,1560.237639
372,1553.231416
373,1553.446124
374,1553.33854
375,1535.884869
376,1534.775718
377,1534.682624
378,1527.2246
379,1518.630611
380,1518.76849
381,1512.424714
382,1502.022922
383,1502.04501
384,1499.573841
385,1481.678974
386,1480.500469
387,1479.572872
388,1464.017553
389,1455.939954
390,1456.607667
391,1454.784349
392,1430.447308
393,1428.103646
394,1427.754587
395,1402.020476
396,1396.675391
397,1395.980472
398,1382.894853
399,1361.428414
400,1362.617115
401,1363.234836
402,1314.892074
403,1319.264281
404,1323.819082
405,1307.78074
406,1290.8198
407,1290.804216
408,1267.167116
409,1256.776106
410,1256.7786
411,1240.994296
412,1170.224254
413,1171.380994
414,1172.225688
415,1172.257
416,1172.257
417,1172.257
418,1164.344984
419,1094.76261
420,1094.659988
421,1094.517692
422,1094.383388
423,1094.35092
424,1094.328452
425,1070.111931
426,1019.937846
427,1020.179392
428,1020.1973
429,1020.1973
430,1020.1973
431,990.5086959
432,932.0433
433,932.0433
434,932.0433
435,932.0433
436,932.0433
437,932.0433
438,892.9114968
439,845.6342667
440,845.355489
441,845.0769762
442,844.7975533
443,844.4922911
444,844.3918224
445,761.5397811
446,752.7600965
447,752.8428
448,752.8428
449,752.8428
450,752.8428
451,731.2710038
452,664.8095
453,664.8095
454,664.8095
455,664.637994
456,664.1266778
457,664.8095
458,633.4538502
459,591.3121
460,591.3121
461,591.3121
462,591.3121
463,591.3121
464,577.5616552
465,516.5962
466,516.5962
467,516.5962
468,516.5962
469,516.4523012
470,514.3449919
471,500.4101263
472,478.4143098
473,479.0418313
474,479.7605431
475,450.7669187
476,441.9032976
477,438.1252478
478,423.5753714
479,405.0157131
480,404.7644757
481,396.5117297
482,373.4549464
483,374.9649812
484,376.4626387
485,356.4659547
486,356.9256329
487,357.0418081
488,340.156551
489,331.1579841
490,331.7036766
491,326.8211026
492,318.675127
493,305.0601955
494,294.7501107
495,295.3481092
496,295.3308552
497,283.16541
498,282.4198747
499,271.8873169
500,269.0693418
501,263.2387995
502,258.8663204
503,253.5984766
504,248.8771104
505,245.1239807
506,239.6997651
507,238.1424912
508,227.1725254
509,227.5648563
510,227.704969
511,220.7052249
512,218.4401809
513,218.6402615
514,215.952337
515,211.2593875
516,211.1515816
517,209.2290475
518,203.6997201
519,203.6997307
520,203.6997257
521,199.5774168
522,197.8607298
523,198.0276218
524,196.9220229
525,194.2903769
526,194.3656306
527,194.2229384
528,191.5839
529,191.3467998
530,191.0210006
531,1756.2518
532,1756.2518
533,1756.252033
534,1756.253507
535,1756.255459
536,1755.803394
537,1755.157444
538,1755.157619
539,1754.450231
540,1754.284308
541,1753.59199
542,1753.3363
543,1753.082584
544,1752.734003
545,1752.093589
546,1749.5786
547,1749.100434
548,1748.687455
549,1748.316576
550,1747.641189
551,1744.8906
552,1744.8906
553,1744.059803
554,1743.9598
555,1743.58829
556,1743.2588
557,1743.1339
558,1742.3794
559,1742.416042
560,1739.882959
561,1735.829128
562,1735.6499
563,1735.6499
564,1735.70496
565,1735.50405
566,1735.4717
567,1735.339649
568,1734.835702
569,1733.224983
570,1733.117313
571,1733.465193
572,1733.938508
573,1734.378908
574,1734.041419
575,1733.288579
576,1732.51532
577,1732.545684
578,1732.428492
579,1732.312023
580,1732.071328
581,1730.925672
582,1730.199329
583,1730.959072
584,1729.609404
585,1728.757919
586,1728.639161
587,1728.336905
588,1728.154993
589,1727.859791
590,1727.17427
591,1724.41245
592,1724.481588
593,1724.53397
594,1724.586352
595,1724.620544
596,1724.653046
597,1723.051749
598,1720.024541
599,1720.038611
600,1720.002375
601,1719.988321
602,1720.460684
603,1721.83743
604,1720.409277
605,1720.2721
606,1720.2721
607,1719.622775
608,1717.086265
609,1717.138495
610,1718.325306
611,1717.9358
612,1717.661076
613,1716.007621
614,1714.582115
615,1713.430792
616,1713.134369
617,1713.215711
618,1711.773359
619,1711.30085
620,1711.434634
621,1712.483177
622,1712.31516
623,1711.040206
624,1707.445427
625,1707.896229
626,1709.250513
627,1707.731934
628,1706.17764
629,1706.433868
630,1707.142966
631,1705.850346
632,1705.496394
633,1704.581992
634,1702.398011
635,1702.20271
636,1703.248611
637,1703.517719
638,1703.112545
639,1702.32917
640,1702.11124
641,1702.528686
642,1702.324179
643,1701.645039
644,1701.322214
645,1702.210023
646,1702.940284
647,1703.391211
648,1702.516606
649,1702.592855
650,1703.176663
651,1701.13747
652,1701.059927
653,1701.014893
654,1700.971244
655,1700.886962
656,1701.453039
657,1700.845769
658,1700.391919
659,1700.445017
660,1700.072572
661,1698.66282
662,1698.459976
663,1698.438801
664,1697.613598
665,1697.244431
666,1696.745473
667,1696.158959
668,1695.76638
669,1694.727772
670,1693.894223
671,1693.091307
672,1693.026044
673,1692.39218
674,1693.062213
675,1692.523522
676,1691.879878
677,1691.001862
678,1690.339386
679,1690.936564
680,1690.54298
681,1689.212593
682,1689.149584
683,1688.990487
684,1688.860981
685,1688.814128
686,1688.30127
687,1687.335851
688,1686.919636
689,1686.676833
690,1686.702426
691,1686.594921
692,1685.568882
693,1684.249566
694,1682.040693
695,1681.070321
696,1680.40596
697,1679.907693
698,1679.718447
699,1679.694261
700,1679.81077
701,1679.857883
702,1679.469321
703,1679.058882
704,1678.677157
705,1678.216387
706,1679.098578
707,1677.452049
708,1677.011351
709,1677.508113
710,1679.006066
711,1677.543485
712,1679.819975
713,1679.982059
714,1682.272745
715,1682.158322
716,1682.13649
717,1683.123555
718,1683.724429
719,1683.820609
720,1682.929372
721,1682.83468
722,1682.509443
723,1681.964903
724,1681.460573
725,1681.410794
726,1686.669551
727,1685.850912
728,1686.267004
729,1686.77516
730,1686.59736
731,1686.195519
732,1685.253573
733,1685.477613
734,1684.723136
735,1684.282142
736,1683.256573
737,1684.013316
738,1684.97955
739,1686.26634
740,1688.135481
741,1689.303596
742,1689.748803
743,1689.676889
744,1689.713823
745,1689.336558
746,1690.13503
747,1689.59597
748,1688.050966
749,1685.600236
750,1683.056956
751,1681.58576
752,1680.035111
753,1679.561008
754,1681.47847
755,1682.591771
756,1682.034438
757,1682.651359
758,1683.135758
759,1682.00948
760,1682.533065
761,1682.164514
762,1680.761316
763,1680.338031
764,1680.910704
765,1682.061448
766,1682.463362
767,1681.364382
768,1679.283991
769,1679.782295
770,1679.333793
771,1681.221737
772,1683.095398
773,1684.816852
774,1684.493595
775,1682.268068
776,1680.179576
777,1679.403439
778,1678.915521
779,1676.767761
780,1673.261919
781,1672.508216
782,1671.400513
783,1672.661779
784,1673.638215
785,1673.491732
786,1671.6601
787,1670.428405
788,1670.483128
789,1669.625304
790,1667.245331
791,1667.933821
792,1668.602186
793,1669.290169
794,1669.946487
795,1670.648548
796,1671.449071
797,1672.640718
798,1672.426382
799,1672.367529
800,1672.188106
801,1672.077774
802,1672.323346
803,1671.916038
804,1671.646042
805,1671.575945
806,1671.552284
807,1671.518233
808,1671.479026
809,1671.325447
810,1670.780948
811,1670.565802
812,1669.874415
813,1668.185352
814,1667.132623
815,1666.344833
816,1664.668429
817,1663.346689
818,1663.49331
819,1663.447122
820,1662.724868
821,1662.260467
822,1660.636144
823,1658.426452
824,1657.772077
825,1657.966377
826,1656.27819
827,1655.16685
828,1655.115919
829,1654.741281
830,1654.129559
831,1654.684417
832,1655.213642
833,1655.518848
834,1656.20729
835,1656.404296
836,1655.85427
837,1655.839628
838,1655.999783
839,1656.266689
840,1656.989813
841,1656.541634
842,1655.667888
843,1655.638932
844,1654.784436
845,1654.816995
846,1652.604479
847,1652.209173
848,1651.366099
849,1651.819713
850,1652.102427
851,1651.715476
852,1651.287466
853,1647.100314
854,1647.790494
855,1648.523801
856,1645.407076
857,1643.608859
858,1645.048506
859,1645.308117
860,1645.273055
861,1645.243048
862,1644.993526
863,1644.636772
864,1645.0923
865,1644.90143
866,1641.375839
867,1639.791878
868,1638.778216
869,1632.878694
870,1625.878079
871,1626.562231
872,1627.253683
873,1627.381479
874,1627.043823
875,1626.666057
876,1623.961905
877,1622.548383
878,1622.353728
879,1621.01606
880,1615.781044
881,1614.852255
882,1613.738232
883,1608.811831
884,1607.433656
885,1607.288895
886,1603.423844
887,1598.995593
888,1596.703734
889,1593.701558
890,1587.729602
891,1587.583942
892,1587.435692
893,1574.895206
894,1574.54653
895,1574.408716
896,1567.110503
897,1560.536138
898,1560.747725
899,1556.166903
900,1552.588029
901,1553.373242
902,1546.303903
903,1535.797746
904,1533.562495
905,1534.396713
906,1517.109392
907,1517.812192
908,1519.063365
909,1513.160701
910,1502.523895
911,1501.167975
912,1495.640767
913,1484.18222
914,1482.754703
915,1479.372112
916,1462.209668
917,1463.678914
918,1465.027519
919,1449.879971
920,1438.793322
921,1438.111939
922,1434.932954
923,1415.934891
924,1419.276841
925,1420.193502
926,1395.119243
927,1390.117609
928,1391.229145
929,1381.16595
930,1360.544881
931,1360.148202
932,1359.971617
933,1320.397862
934,1319.224644
935,1318.093048
936,1306.114914
937,1288.804534
938,1288.741
939,1262.313252
940,1250.82202
941,1251.048882
942,1233.452799
943,1160.007081
944,1159.806265
945,1159.59533
946,1159.423752
947,1159.268197
948,1159.11795
949,1151.98369
950,1075.699301
951,1075.6598
952,1075.6598
953,1075.6598
954,1075.6598
955,1075.6598
956,1047.053455
957,998.53735
958,998.6268909
959,998.8504843
960,999.1901891
961,999.4670383
962,966.7477205
963,909.2220354
964,909.7172599
965,910.2353947
966,910.7244554
967,911.2487539
968,911.7347528
969,868.3460267
970,824.1377275
971,824.4760145
972,824.7819761
973,825.1512684
974,825.4726134
975,825.8437232
976,737.844055
977,731.4401546
978,731.3786881
979,731.3609345
980,731.3629774
981,731.308323
982,708.6578435
983,642.4948221
984,640.4302301
985,638.2907795
986,636.4045827
987,636.1164289
988,637.8103625
989,600.7995207
990,566.1370489
991,566.7824266
992,567.3814245
993,567.9693308
994,568.577979
995,553.3896378
996,484.7357486
997,483.1535958
998,485.3639144
999,487.7171643
1000,490.0861687
1001,492.4616898
1002,481.6103769
1003,461.0425775
1004,460.289431
1005,459.0818586
1006,427.9794653
1007,429.4489989
1008,433.9689768
1009,423.9921766
1010,408.7301204
1011,408.9151514
1012,402.6649716
1013,379.4717627
1014,377.5374231
1015,375.6183145
1016,352.3826126
1017,344.0572507
1018,343.8515293
1019,330.7557846
1020,323.2167308
1021,322.4742861
1022,318.4327815
1023,312.9165908
1024,298.0233319
1025,286.0453572
1026,285.7567943
1027,284.6455817
1028,270.7226281
1029,272.658663
1030,264.4276474
1031,262.2928883
1032,255.7775579
1033,251.3531554
1034,247.9700895
1035,242.4984145
1036,238.0441221
1037,230.40405
1038,230.4178743
1039,219.6111814
1040,217.6580779
1041,216.4190281
1042,210.5751022
1043,206.8177021
1044,205.5721728
1045,202.4218749
1046,197.613471
1047,198.1824664
1048,197.2574297
1049,191.7806859
1050,191.265508
1051,191.2888335
1052,188.7000864
1053,188.2272998
1054,189.137468
1055,188.4981159
1056,185.9109071
1057,186.1825739
1058,186.3032441
1059,183.1875676
1060,182.8541459
1061,182.3794697
1062,1755.009031
1063,1755.01489
1064,1755.028014
1065,1755.039409
1066,1755.049496
1067,1754.624744
1068,1754.099431
1069,1754.134682
1070,1753.466202
1071,1753.289243
1072,1752.652857
1073,1752.351065
1074,1752.138484
1075,1751.834847
1076,1751.438516
1077,1750.969331
1078,1750.651416
1079,1750.279415
1080,1749.876462
1081,1749.486185
1082,1748.679311
1083,1748.669408
1084,1747.939538
1085,1747.823453
1086,1747.34961
1087,1746.991013
1088,1746.849936
1089,1745.936129
1090,1745.932015
1091,1745.288079
1092,1744.279443
1093,1744.280254
1094,1744.280095
1095,1743.982526
1096,1743.255171
1097,1743.256825
1098,1742.784625
1099,1742.138854
1100,1742.141138
1101,1741.96824
1102,1740.899209
1103,1740.899172
1104,1740.899091
1105,1740.08419
1106,1739.742683
1107,1739.745975
1108,1739.206641
1109,1738.544355
1110,1738.544649
1111,1738.190788
1112,1737.220422
1113,1737.221863
1114,1737.218845
1115,1735.542222
1116,1734.597553
1117,1734.597808
1118,1734.597855
1119,1734.598116
1120,1734.598664
1121,1734.120113
1122,1731.529307
1123,1731.529738
1124,1731.531404
1125,1731.532981
1126,1731.534163
1127,1731.53629
1128,1730.503145
1129,1728.605437
1130,1728.605951
1131,1728.606775
1132,1728.607782
1133,1728.607521
1134,1728.603645
1135,1727.401383
1136,1727.04278
1137,1727.041145
1138,1726.615962
1139,1725.837581
1140,1725.839218
1141,1725.793167
1142,1725.140264
1143,1724.998586
1144,1724.205198
1145,1724.197616
1146,1723.875892
1147,1723.504702
1148,1723.239616
1149,1722.840631
1150,1722.680875
1151,1722.142791
1152,1722.075725
1153,1721.49955
1154,1721.302653
1155,1720.224281
1156,1720.227776
1157,1720.246537
1158,1719.180613
1159,1718.808119
1160,1718.82252
1161,1718.517154
1162,1718.104797
1163,1717.85589
1164,1717.345227
1165,1717.300022
1166,1716.704714
1167,1716.644245
1168,1716.305587
1169,1716.025955
1170,1715.637877
1171,1715.239377
1172,1715.079552
1173,1714.538188
1174,1714.520283
1175,1713.471351
1176,1713.483687
1177,1713.4916
1178,1712.567212
1179,1712.291562
1180,1712.291213
1181,1711.769406
1182,1709.8135
1183,1709.8135
1184,1709.81353
1185,1709.813868
1186,1709.814302
1187,1709.814195
1188,1708.341238
1189,1707.767029
1190,1707.764
1191,1707.109051
1192,1706.187435
1193,1706.172316
1194,1706.121139
1195,1704.922712
1196,1704.917255
1197,1704.38464
1198,1703.862663
1199,1703.589023
1200,1702.96005
1201,1702.566579
1202,1701.926349
1203,1701.790125
1204,1700.792184
1205,1700.768878
1206,1700.046771
1207,1699.79616
1208,1699.219028
1209,1698.495813
1210,1698.493816
1211,1697.961284
1212,1696.931018
1213,1696.929359
1214,1696.88928
1215,1696.202799
1216,1695.711082
1217,1695.381274
1218,1694.581347
1219,1694.430316
1220,1694.528898
1221,1743.750272
1222,1801.18673
1223,1804.489663
1224,1803.262365
1225,1804.105517
1226,1803.837881
1227,1811.109225
1228,1812.727177
1229,1813.390318
1230,1813.981667
1231,1813.811119
1232,1808.548422
1233,1792.966339
1234,1787.391337
1235,1786.512644
1236,1786.84714
1237,1790.59086
1238,1792.857724
1239,1793.547318
1240,1793.249338
1241,1789.648238
1242,1780.571076
1243,1775.87594
1244,1774.378589
1245,1777.089292
1246,1775.027534
1247,1768.865993
1248,1770.328572
1249,1775.665899
1250,1776.871338
1251,1780.069048
1252,1782.959194
1253,1782.381786
1254,1779.272712
1255,1777.109868
1256,1776.959446
1257,1778.069748
1258,1775.942425
1259,1774.754471
1260,1775.021177
1261,1774.295706
1262,1773.085703
1263,1772.150467
1264,1772.392087
1265,1771.414141
1266,1769.476023
1267,1765.808636
1268,1764.718045
1269,1764.710995
1270,1765.278233
1271,1766.297993
1272,1764.632199
1273,1762.451174
1274,1761.447734
1275,1760.764879
1276,1760.183946
1277,1760.391996
1278,1759.89197
1279,1758.502815
1280,1756.922018
1281,1751.783329
1282,1749.002543
1283,1744.818897
1284,1743.917984
1285,1747.393017
1286,1747.454788
1287,1746.522537
1288,1745.238301
1289,1743.374776
1290,1738.351335
1291,1726.436667
1292,1723.458742
1293,1721.153512
1294,1721.450871
1295,1722.30411
1296,1731.051097
1297,1730.939801
1298,1720.792041
1299,1712.701831
1300,1712.421265
1301,1714.213191
1302,1715.4991
1303,1716.76756
1304,1718.050353
1305,1717.205262
1306,1714.547153
1307,1713.54362
1308,1713.313781
1309,1713.154571
1310,1711.308872
1311,1707.0807
1312,1707.0807
1313,1704.913961
1314,1706.478317
1315,1707.542448
1316,1708.017286
1317,1710.322079
1318,1710.539361
1319,1710.646673
1320,1710.568235
1321,1709.358309
1322,1709.305375
1323,1709.226846
1324,1708.170194
1325,1704.801532
1326,1704.358145
1327,1703.695119
1328,1701.499487
1329,1700.49868
1330,1699.52447
1331,1698.534093
1332,1697.757509
1333,1697.6913
1334,1697.275989
1335,1697.156
1336,1697.156
1337,1697.156
1338,1697.156
1339,1697.156
1340,1696.800725
1341,1695.8828
1342,1695.8828
1343,1695.8828
1344,1695.01903
1345,1694.894
1346,1694.894
1347,1693.509165
1348,1692.3416
1349,1692.3416
1350,1692.188291
1351,1689.2509
1352,1689.2509
1353,1689.2509
1354,1687.007202
1355,1686.111225
1356,1686.324665
1357,1685.014046
1358,1684.311642
1359,1684.340343
1360,1684.159892
1361,1683.128353
1362,1683.146917
1363,1683.144283
1364,1681.779573
1365,1681.89328
1366,1681.88515
1367,1680.642954
1368,1680.044041
1369,1679.968962
1370,1679.72916
1371,1678.7434
1372,1678.713708
1373,1677.546382
1374,1677.459586
1375,1675.6754
1376,1675.6754
1377,1673.769033
1378,1673.7181
1379,1672.38899
1380,1672.141781
1381,1671.151166
1382,1670.530836
1383,1670.041
1384,1666.422666
1385,1666.173256
1386,1666.055507
1387,1663.851501
1388,1658.513911
1389,1657.994296
1390,1657.888685
1391,1657.878556
1392,1657.86372
1393,1657.563248
1394,1653.575471
1395,1653.175174
1396,1653.541851
1397,1650.49133
1398,1650.40896
1399,1650.854182
1400,1647.37904
1401,1638.888322
1402,1637.68845
1403,1636.403709
1404,1635.638995
1405,1635.37619
1406,1635.096203
1407,1630.883484
1408,1628.074484
1409,1628.178899
1410,1626.827128
1411,1622.383357
1412,1623.8045
1413,1625.270935
1414,1620.819012
1415,1620.025031
1416,1620.880623
1417,1614.518389
1418,1611.7657
1419,1611.7657
1420,1606.472817
1421,1600.4943
1422,1600.493351
1423,1600.272412
1424,1588.847226
1425,1588.860902
1426,1588.874255
1427,1581.404797
1428,1578.530155
1429,1578.510313
1430,1571.928622
1431,1565.326245
1432,1565.3221
1433,1556.5574
1434,1549.2291
1435,1549.239137
1436,1549.231066
1437,1532.803154
1438,1531.411
1439,1531.411
1440,1522.493171
1441,1514.0835
1442,1514.0835
1443,1505.123288
1444,1493.1143
1445,1493.1143
1446,1489.352519
1447,1467.448855
1448,1461.678291
1449,1455.797961
1450,1438.001377
1451,1435.331234
1452,1439.549741
1453,1438.777788
1454,1412.817767
1455,1404.842424
1456,1405.75794
1457,1380.70106
1458,1376.967364
1459,1376.438486
1460,1358.624429
1461,1331.0795
1462,1331.0795
1463,1328.876169
1464,1270.5797
1465,1270.5797
1466,1273.904409
1467,1261.295435
1468,1248.848951
1469,1250.113496
1470,1221.118347
1471,1202.014156
1472,1196.578737
1473,1177.922249
1474,1096.499777
1475,1096.5763
1476,1096.921015
1477,1097.768616
1478,1098.672458
1479,1099.515964
1480,1091.015912
1481,1031.831541
1482,1033.820074
1483,1035.82535
1484,1037.770879
1485,1039.440633
1486,1040.902495
1487,1022.073059
1488,969.9051681
1489,969.6975803
1490,969.4667362
1491,969.2864325
1492,968.919341
1493,941.3096461
1494,879.0355072
1495,877.2287253
1496,875.3782969
1497,873.5378551
1498,871.7037452
1499,869.8696354
1500,831.6186449
1501,778.2537
1502,778.2537
1503,778.2537
1504,778.2537
1505,778.2537
1506,778.2537
1507,698.6716115
1508,686.2939347
1509,686.9002671
1510,687.6167343
1511,688.3874033
1512,689.1023684
1513,670.6298544
1514,611.7228845
1515,616.2230074
1516,620.6984045
1517,625.416035
1518,626.6241737
1519,622.4261632
1520,594.7994957
1521,548.7112749
1522,547.8738595
1523,546.9259523
1524,546.0701955
1525,545.0872167
1526,532.2056835
1527,479.2306333
1528,480.5032444
1529,478.4945588
1530,475.911183
1531,473.5524757
1532,473.04883
1533,464.0776746
1534,443.12848
1535,443.12848
1536,443.12848
1537,421.9949177
1538,414.3968
1539,414.3449431
1540,398.3090211
1541,375.168753
1542,373.4237478
1543,362.9424248
1544,342.1628917
1545,347.2076588
1546,352.1868205
1547,334.7569156
1548,334.5969
1549,334.5969
1550,320.8481202
1551,310.95642
1552,310.95642
1553,306.5176124
1554,299.9931
1555,288.5052396
1556,279.52982
1557,279.52982
1558,278.7829185
1559,269.1065
1560,269.1065
1561,261.9668986
1562,259.16367
1563,254.3360888
1564,250.69983
1565,245.6625603
1566,240.8595582
1567,236.9583667
1568,233.0942064
1569,230.0696732
1570,220.1697731
1571,220.7417891
1572,220.2888455
1573,209.5379059
1574,206.5481623
1575,206.8069101
1576,205.5904666
1577,203.6762998
1578,203.2856552
1579,202.3401374
1580,200.3881361
1581,200.5360204
1582,200.4949833
1583,199.3820824
1584,198.8924344
1585,198.8678277
1586,198.9116505
1587,199.0826922
1588,199.1106692
1589,199.3448458
1590,200.3804944
1591,200.1798484
1592,199.8243164
1593,1756.360384
1594,1756.35647
1595,1756.35638
1596,1756.355921
1597,1756.355279
1598,1755.691424
1599,1754.755182
1600,1754.753817
1601,1753.920033
1602,1753.868001
1603,1753.382358
1604,1753.145248
1605,1752.514214
1606,1752.06825
1607,1749.469237
1608,1722.68412
1609,1722.721982
1610,1724.476879
1611,1726.022243
1612,1725.789537
1613,1717.687974
1614,1718.146433
1615,1715.458863
1616,1714.816668
1617,1715.493922
1618,1715.751546
1619,1716.044107
1620,1718.204545
1621,1719.039528
1622,1716.028539
1623,1709.645452
1624,1708.813406
1625,1708.75399
1626,1709.810088
1627,1709.796322
1628,1708.387393
1629,1707.581717
1630,1705.178665
1631,1702.224704
1632,1702.192432
1633,1703.688077
1634,1704.930627
1635,1706.232043
1636,1708.936997
1637,1708.608248
1638,1707.551447
1639,1709.352973
1640,1710.261791
1641,1710.058704
1642,1710.606875
1643,1711.233639
1644,1709.530288
1645,1710.786868
1646,1706.395598
1647,1705.328438
1648,1704.917362
1649,1704.477007
1650,1703.974922
1651,1703.471122
1652,1702.861751
1653,1700.918025
1654,1701.108508
1655,1701.295275
1656,1701.433424
1657,1701.591798
1658,1701.726621
1659,1699.818641
1660,1696.355898
1661,1696.522927
1662,1696.679403
1663,1696.764679
1664,1697.664873
1665,1699.867831
1666,1700.118002
1667,1699.559622
1668,1699.053485
1669,1698.067998
1670,1695.513128
1671,1695.517537
1672,1697.24258
1673,1698.181433
1674,1697.822761
1675,1694.392176
1676,1692.878625
1677,1691.85264
1678,1691.52454
1679,1691.386569
1680,1690.226879
1681,1689.934288
1682,1690.049069
1683,1691.482918
1684,1693.746965
1685,1692.820286
1686,1689.572145
1687,1689.80814
1688,1690.888431
1689,1689.39353
1690,1688.090739
1691,1688.269818
1692,1689.02267
1693,1688.497279
1694,1688.550616
1695,1688.179482
1696,1682.602056
1697,1681.984501
1698,1682.574204
1699,1682.760309
1700,1682.609216
1701,1681.887092
1702,1681.479011
1703,1681.96407
1704,1683.766377
1705,1683.391179
1706,1682.596813
1707,1683.035079
1708,1683.293773
1709,1685.100305
1710,1685.666816
1711,1685.672711
1712,1685.499346
1713,1683.33105
1714,1683.314639
1715,1683.315872
1716,1683.307044
1717,1683.240904
1718,1683.345901
1719,1683.763704
1720,1686.079184
1721,1686.631666
1722,1686.877222
1723,1685.169049
1724,1684.753769
1725,1684.829234
1726,1684.281401
1727,1683.897048
1728,1683.473605
1729,1682.921604
1730,1680.879975
1731,1679.99733
1732,1679.751315
1733,1679.182797
1734,1679.153416
1735,1678.531587
1736,1678.785588
1737,1678.67676
1738,1678.444324
1739,1678.061993
1740,1677.443878
1741,1677.544282
1742,1677.233231
1743,1676.401919
1744,1676.383984
1745,1676.369172
1746,1676.29366
1747,1676.491028
1748,1676.385875
1749,1675.422877
1750,1675.051044
1751,1675.276899
1752,1676.66229
1753,1677.982027
1754,1677.790625
1755,1675.821238
1756,1674.961854
1757,1674.621738
1758,1674.367919
1759,1673.653284
1760,1673.294812
1761,1673.293252
1762,1673.176456
1763,1673.081331
1764,1672.905741
1765,1672.665291
1766,1672.31588
1767,1671.877899
1768,1671.715519
1769,1671.216071
1770,1670.832208
1771,1670.644572
1772,1670.087129
1773,1670.025217
1774,1669.818117
1775,1669.837236
1776,1670.489098
1777,1670.50884
1778,1670.631905
1779,1671.513107
1780,1672.073766
1781,1672.852507
1782,1672.146464
1783,1671.784586
1784,1671.727275
1785,1671.481879
1786,1671.277262
1787,1671.273538
1788,1673.47401
1789,1673.266856
1790,1673.169149
1791,1673.217288
1792,1672.903148
1793,1672.691242
1794,1672.188195
1795,1672.18242
1796,1671.72175
1797,1671.718168
1798,1671.848807
1799,1672.237233
1800,1672.257784
1801,1666.58001
1802,1667.111125
1803,1667.686419
1804,1667.98599
1805,1667.535873
1806,1667.885935
1807,1671.587441
1808,1671.891227
1809,1671.554223
1810,1670.915383
1811,1669.401483
1812,1665.082119
1813,1664.294283
1814,1663.5801
1815,1663.131891
1816,1662.932474
1817,1662.586398
1818,1662.507181
1819,1663.640927
1820,1666.155699
1821,1665.959798
1822,1667.439856
1823,1668.249518
1824,1667.559395
1825,1667.310228
1826,1667.158776
1827,1667.044116
1828,1666.687579
1829,1666.450218
1830,1665.97675
1831,1665.896149
1832,1663.169302
1833,1664.130837
1834,1666.931791
1835,1667.0453
1836,1667.0453
1837,1666.933245
1838,1665.500251
1839,1662.503479
1840,1661.889786
1841,1661.575394
1842,1661.816573
1843,1662.100223
1844,1661.187003
1845,1661.268561
1846,1661.203608
1847,1661.106382
1848,1660.300303
1849,1659.382906
1850,1659.388273
1851,1658.52141
1852,1657.031777
1853,1657.103585
1854,1657.171875
1855,1657.228267
1856,1657.598039
1857,1658.775575
1858,1659.306571
1859,1661.2665
1860,1661.2665
1861,1661.2665
1862,1661.2665
1863,1661.2665
1864,1661.2665
1865,1659.489407
1866,1659.0078
1867,1659.0078
1868,1659.0078
1869,1659.0078
1870,1659.0078
1871,1659.026703
1872,1659.1196
1873,1659.1196
1874,1659.1196
1875,1658.18976
1876,1657.609
1877,1657.609
1878,1656.799684
1879,1655.197957
1880,1654.652686
1881,1653.973276
1882,1649.738267
1883,1647.460147
1884,1646.638161
1885,1644.166257
1886,1642.124571
1887,1642.265774
1888,1638.151135
1889,1635.369029
1890,1635.185018
1891,1634.93164
1892,1634.163856
1893,1634.489263
1894,1634.987219
1895,1637.159648
1896,1637.620496
1897,1637.731472
1898,1635.128446
1899,1633.66313
1900,1633.814298
1901,1634.572418
1902,1637.012519
1903,1636.785165
1904,1636.593015
1905,1638.204294
1906,1642.197919
1907,1642.308704
1908,1639.683955
1909,1633.694084
1910,1630.97005
1911,1631.385966
1912,1632.301399
1913,1633.902156
1914,1634.965201
1915,1632.56435
1916,1636.293053
1917,1636.911887
1918,1631.829253
1919,1627.988
1920,1627.988
1921,1627.988
1922,1627.988
1923,1627.988
1924,1627.842381
1925,1627.3414
1926,1627.87451
1927,1627.574199
1928,1625.76916
1929,1625.1082
1930,1625.1082
1931,1620.067146
1932,1612.3625
1933,1612.3625
1934,1612.3625
1935,1612.3625
1936,1612.3625
1937,1612.3625
1938,1609.948462
1939,1608.7711
1940,1608.7711
1941,1607.468804
1942,1601.709266
1943,1601.609117
1944,1601.412949
1945,1596.172379
1946,1594.696702
1947,1594.7374
1948,1592.524562
1949,1590.055648
1950,1588.89693
1951,1586.520688
1952,1580.099227
1953,1580.291413
1954,1580.504435
1955,1567.484717
1956,1567.52141
1957,1567.843343
1958,1560.956237
1959,1554.202179
1960,1554.815717
1961,1546.27342
1962,1542.4137
1963,1542.4137
1964,1534.819603
1965,1524.494532
1966,1522.578245
1967,1522.443133
1968,1503.361248
1969,1503.3776
1970,1503.3776
1971,1496.767111
1972,1486.8
1973,1486.8
1974,1482.696882
1975,1469.758955
1976,1464.070291
1977,1457.062077
1978,1436.96714
1979,1437.339347
1980,1437.194297
1981,1422.170381
1982,1398.342155
1983,1395.127276
1984,1395.794604
1985,1388.408072
1986,1396.278988
1987,1398.852191
1988,1375.733809
1989,1371.948033
1990,1374.848461
1991,1366.300206
1992,1346.904051
1993,1346.750289
1994,1346.811815
1995,1313.308774
1996,1309.117347
1997,1302.622984
1998,1288.677085
1999,1267.566293
2000,1265.43683
2001,1241.705995
2002,1230.908793
2003,1226.606828
2004,1210.439992
2005,1153.051172
2006,1152.992378
2007,1152.93345
2008,1152.881641
2009,1152.831072
2010,1152.779846
2011,1145.237022
2012,1054.432567
2013,1054.530201
2014,1054.628424
2015,1054.717797
2016,1055.859551
2017,1059.400632
2018,1022.766075
2019,971.8575744
2020,972.5715402
2021,973.3502524
2022,973.9305082
2023,974.7046358
2024,940.369327
2025,885.6646555
2026,886.1265532
2027,886.5610692
2028,887.0483068
2029,887.464374
2030,887.9370365
2031,836.7131177
2032,793.5784038
2033,794.9233657
2034,796.3214525
2035,797.70877
2036,799.0591812
2037,800.4585409
2038,706.4449445
2039,704.8725022
2040,705.8318263
2041,706.6132411
2042,707.5820926
2043,708.5048911
2044,683.9675919
2045,613.2367973
2046,607.6442054
2047,602.0271112
2048,595.429483
2049,595.2301252
2050,603.6467828
2051,561.8997988
2052,536.333376
2053,538.0444498
2054,539.8234559
2055,541.4610939
2056,543.2082084
2057,527.8592615
2058,455.2717709
2059,452.2154658
2060,456.6297526
2061,462.1444989
2062,467.4353838
2063,472.847697
2064,461.784185
2065,443.0337185
2066,441.02231
2067,438.38314
2068,405.518624
2069,406.30185
2070,406.30185
2071,390.6726315
2072,377.916
2073,377.916
2074,370.3248533
2075,350.92883
2076,350.92883
2077,350.92883
2078,333.9552728
2079,326.4682096
2080,324.5589717
2081,314.42019
2082,308.5162657
2083,307.1567755
2084,304.8308268
2085,300.980087
2086,283.7939321
2087,271.43253
2088,271.43253
2089,270.9572559
2090,258.07935
2091,258.07935
2092,247.8775018
2093,246.61234
2094,241.1697243
2095,237.15863
2096,232.8164268
2097,228.46344
2098,226.2440901
2099,219.6190485
2100,218.7524313
2101,208.0858218
2102,204.607288
2103,202.1664618
2104,196.4310785
2105,191.5930231
2106,189.2319744
2107,184.2968715
2108,180.639923
2109,181.0931144
2110,180.5952704
2111,176.6330444
2112,176.2008717
2113,176.3444764
2114,174.4492686
2115,174.8847736
2116,177.4157843
2117,177.2773233
2118,175.7732962
2119,176.1021314
2120,176.3813736
2121,174.8136414
2122,174.6083049
2123,174.3022865
2124,1754.8888
2125,1754.8888
2126,1754.8888
2127,1754.8888
2128,1754.8888
2129,1754.409028
2130,1753.8892
2131,1753.8892
2132,1753.159306
2133,1753.0212
2134,1752.445806
2135,1752.1163
2136,1751.8422
2137,1751.548319
2138,1751.174582
2139,1750.7072
2140,1750.383689
2141,1750.011044
2142,1749.627598
2143,1749.274344
2144,1748.4983
2145,1748.4983
2146,1747.809552
2147,1747.6775
2148,1747.206773
2149,1746.8461
2150,1746.67994
2151,1745.778
2152,1745.778
2153,1745.188585
2154,1744.2607
2155,1744.2607
2156,1744.2607
2157,1744.001805
2158,1743.2413
2159,1743.2413
2160,1742.736298
2161,1742.1248
2162,1742.1248
2163,1742.04596
2164,1740.8861
2165,1740.8861
2166,1740.8861
2167,1740.06516
2168,1739.7177
2169,1739.7177
2170,1739.224318
2171,1738.5051
2172,1738.5051
2173,1738.165227
2174,1737.1877
2175,1737.1877
2176,1737.1877
2177,1735.766192
2178,1734.5469
2179,1734.5469
2180,1734.5469
2181,1734.5469
2182,1734.5469
2183,1734.27945
2184,1731.4395
2185,1731.4395
2186,1731.4395
2187,1731.4395
2188,1731.4395
2189,1731.4395
2190,1730.530496
2191,1728.5763
2192,1728.5763
2193,1728.5763
2194,1728.5763
2195,1728.5763
2196,1728.5763
2197,1727.666679
2198,1727.0938
2199,1727.0938
2200,1726.664479
2201,1725.9186
2202,1725.9186
2203,1725.909346
2204,1725.181257
2205,1725.044631
2206,1724.2584
2207,1724.2584
2208,1723.99382
2209,1723.5924
2210,1723.327028
2211,1722.9364
2212,1722.789979
2213,1722.228
2214,1722.146013
2215,1721.5688
2216,1721.304861
2217,1720.3975
2218,1720.3975
2219,1720.3975
2220,1719.43553
2221,1719.154
2222,1719.154
2223,1718.782248
2224,1718.3993
2225,1718.109905
2226,1717.6425
2227,1717.39613
2228,1716.8483
2229,1716.386819
2230,1706.113503
2231,1704.9443
2232,1704.9443
2233,1704.304071
2234,1703.8359
2235,1703.494085
2236,1702.9182
2237,1702.445002
2238,1701.8352
2239,1697.822113
2240,1696.319125
2241,1695.387
2242,1694.47077
2243,1694.4177
2244,1694.558312
2245,1755.897365
2246,1832.001613
2247,1827.994994
2248,1827.962818
2249,1827.9167
2250,1823.821084
2251,1817.976369
2252,1813.516002
2253,1810.0541
2254,1804.133144
2255,1801.436116
2256,1799.2073
2257,1798.749287
2258,1797.8817
2259,1797.8817
2260,1796.013095
2261,1794.877082
2262,1793.5078
2263,1792.911847
2264,1792.576111
2265,1791.885711
2266,1753.456977
2267,1751.034531
2268,1746.7168
2269,1745.857308
2270,1744.4017
2271,1740.028451
2272,1729.8153
2273,1729.8153
2274,1728.359793
2275,1728.1855
2276,1728.1855
2277,1728.1855
2278,1728.1855
2279,1727.853216
2280,1726.6526
2281,1726.6526
2282,1726.6526
2283,1725.564623
2284,1720.499793
2285,1720.390806
2286,1718.724904
2287,1718.2788
2288,1717.652099
2289,1716.3807
2290,1714.4757
2291,1714.4757
2292,1714.129308
2293,1711.7456
2294,1711.7456
2295,1711.7456
2296,1711.7456
2297,1711.637789
2298,1711.278625
2299,1708.582791
2300,1707.712885
2301,1707.27357
2302,1706.202474
2303,1705.710452
2304,1705.224727
2305,1703.611489
2306,1701.148692
2307,1700.988066
2308,1700.574641
2309,1698.342213
2310,1698.166637
2311,1698.032293
2312,1696.539441
2313,1695.848668
2314,1696.424304
2315,1696.999891
2316,1695.436072
2317,1695.740985
2318,1695.645845
2319,1693.450106
2320,1692.767938
2321,1692.8057
2322,1691.282917
2323,1690.3668
2324,1690.3668
2325,1689.979928
2326,1687.7571
2327,1687.7571
2328,1687.670789
2329,1685.1455
2330,1685.1455
2331,1685.1455
2332,1682.816206
2333,1682.137
2334,1682.137
2335,1681.532853
2336,1679.755113
2337,1679.394173
2338,1677.561054
2339,1677.516317
2340,1675.164518
2341,1675.148211
2342,1672.96575
2343,1672.835306
2344,1671.161848
2345,1670.772202
2346,1669.034991
2347,1668.097578
2348,1667.341104
2349,1663.029041
2350,1662.6691
2351,1662.6691
2352,1661.354021
2353,1654.2577
2354,1654.2577
2355,1654.2577
2356,1654.2577
2357,1654.2577
2358,1654.190413
2359,1648.707928
2360,1648.6729
2361,1648.6729
2362,1642.73774
2363,1642.1471
2364,1642.1471
2365,1637.875715
2366,1625.7935
2367,1625.7935
2368,1625.7935
2369,1625.7935
2370,1625.7935
2371,1625.7935
2372,1622.429951
2373,1619.0942
2374,1619.0942
2375,1617.576093
2376,1611.3485
2377,1611.3485
2378,1611.3485
2379,1604.653494
2380,1602.7003
2381,1602.7003
2382,1596.545118
2383,1595.920007
2384,1597.207659
2385,1589.831056
2386,1584.379822
2387,1584.888957
2388,1584.476627
2389,1572.35339
2390,1572.685965
2391,1572.997829
2392,1561.28422
2393,1560.825006
2394,1560.769547
2395,1552.412293
2396,1541.827387
2397,1540.426638
2398,1527.421732
2399,1520.491468
2400,1521.880207
2401,1521.089755
2402,1497.950396
2403,1495.422472
2404,1495.014574
2405,1480.137341
2406,1470.99236
2407,1471.673245
2408,1455.853774
2409,1437.796699
2410,1436.288434
2411,1427.530802
2412,1387.861276
2413,1386.3684
2414,1386.3684
2415,1354.888931
2416,1347.0522
2417,1347.26088
2418,1348.670661
2419,1312.61499
2420,1311.0089
2421,1310.788281
2422,1250.05109
2423,1248.6398
2424,1248.6398
2425,1222.938146
2426,1193.88275
2427,1198.746506
2428,1197.524271
2429,1141.23113
2430,1148.786545
2431,1161.920525
2432,1143.435144
2433,1132.275173
2434,1132.816001
2435,1100.646695
2436,1070.081037
2437,1056.474817
2438,1025.481741
2439,912.8176972
2440,916.5014824
2441,919.9618608
2442,922.9817987
2443,925.5286148
2444,927.7661816
2445,918.8592989
2446,875.5194188
2447,882.5626006
2448,888.356685
2449,893.3310283
2450,896.9092893
2451,899.9267191
2452,885.7651194
2453,828.6725866
2454,838.1331716
2455,868.5499144
2456,871.0576094
2457,873.058294
2458,847.450269
2459,773.3217753
2460,765.4219564
2461,730.7455121
2462,718.1067183
2463,714.8800897
2464,711.3236354
2465,675.1794221
2466,613.2586412
2467,613.7596674
2468,614.1741538
2469,614.6327639
2470,615.0062438
2471,615.1269494
2472,546.9479885
2473,533.6331143
2474,542.7687979
2475,568.5959631
2476,572.1413258
2477,575.5248812
2478,561.3697001
2479,513.9754417
2480,528.9076659
2481,543.8520525
2482,558.7506296
2483,562.7212602
2484,552.3387934
2485,523.241647
2486,473.2468948
2487,470.3777818
2488,467.4749505
2489,464.7810474
2490,461.80379
2491,448.6072381
2492,406.2789594
2493,410.4317926
2494,403.3205901
2495,393.886502
2496,384.8787156
2497,375.650113
2498,347.732202
2499,330.8851244
2500,331.5899742
2501,334.0791051
2502,319.7164878
2503,302.9015564
2504,293.3903598
2505,285.9532894
2506,272.8868
2507,272.8868
2508,270.058137
2509,257.76642
2510,257.76642
2511,256.5792913
2512,246.6955786
2513,252.7718834
2514,252.7708491
2515,243.3036424
2516,237.5306043
2517,237.6746589
2518,235.5162152
2519,234.8140192
2520,229.6248784
2521,227.2229221
2522,229.0251334
2523,230.2885861
2524,226.6599985
2525,224.8259391
2526,219.0829948
2527,216.1937336
2528,213.7119859
2529,210.9748513
2530,207.952832
2531,206.30116
2532,204.8387463
2533,203.62987
2534,203.3590138
2535,200.58159
2536,200.58159
2537,200.0855963
2538,1752.590998
2539,1752.138584
2540,1641.499402
2541,1615.27297
2542,1624.747911
2543,1641.326089
2544,1652.28329
2545,1651.866118
2546,1652.31499
2547,1651.025028
2548,1650.384083
2549,1651.97615
2550,1652.726794
2551,1654.184631
2552,1663.427558
2553,1665.497457
2554,1665.66918
2555,1663.009949
2556,1662.214149
2557,1661.708215
2558,1664.663101
2559,1667.670935
2560,1665.411568
2561,1663.035159
2562,1662.8478
2563,1662.8478
2564,1662.151421
2565,1660.8041
2566,1660.8041
2567,1660.8041
2568,1664.224774
2569,1665.3235
2570,1665.3235
2571,1666.70834
2572,1667.7097
2573,1667.7097
2574,1670.192324
2575,1678.1228
2576,1678.1228
2577,1678.1228
2578,1676.090268
2579,1675.9674
2580,1675.9674
2581,1675.9674
2582,1675.9674
2583,1675.9674
2584,1674.960512
2585,1673.0001
2586,1673.0001
2587,1673.0001
2588,1673.0001
2589,1673.0001
2590,1673.0001
2591,1671.819148
2592,1670.4395
2593,1670.4395
2594,1670.4395
2595,1670.4395
2596,1670.4395
2597,1671.329191
2598,1674.977276
2599,1674.60417
2600,1674.240358
2601,1673.345036
2602,1671.6885
2603,1671.6885
2604,1674.256347
2605,1677.245935
2606,1677.115845
2607,1675.392088
2608,1675.0183
2609,1675.365565
2610,1675.6958
2611,1675.397271
2612,1675.1002
2613,1674.893122
2614,1674.5625
2615,1675.497904
2616,1679.16
2617,1679.16
2618,1678.105716
2619,1678.0289
2620,1678.0289
2621,1677.039673
2622,1676.701
2623,1676.701
2624,1676.85192
2625,1677.0836
2626,1676.969951
2627,1676.4493
2628,1678.5345
2629,1678.5345
2630,1678.375108
2631,1677.5095
2632,1677.5095
2633,1677.5095
2634,1676.924805
2635,1676.781
2636,1676.667981
2637,1676.3661
2638,1673.429884
2639,1674.076799
2640,1674.625617
2641,1659.73493
2642,1658.912039
2643,1658.455339
2644,1657.883706
2645,1657.527814
2646,1659.578053
2647,1660.209177
2648,1660.164145
2649,1659.589451
2650,1657.881073
2651,1655.567
2652,1656.453678
2653,1659.026752
2654,1659.067837
2655,1659.111958
2656,1659.144922
2657,1659.177992
2658,1659.254359
2659,1654.176315
2660,1653.090735
2661,1653.146742
2662,1653.197208
2663,1653.240863
2664,1653.293804
2665,1653.252127
2666,1652.714579
2667,1652.660647
2668,1652.443947
2669,1650.776234
2670,1648.954252
2671,1648.435977
2672,1647.144015
2673,1645.1083
2674,1645.1083
2675,1643.536858
2676,1625.346293
2677,1624.9542
2678,1622.60767
2679,1625.7855
2680,1625.7855
2681,1621.816872
2682,1620.768334
2683,1621.276676
2684,1621.333844
2685,1621.316241
2686,1621.315638
2687,1620.830558
2688,1619.760109
2689,1620.186998
2690,1620.097865
2691,1618.443426
2692,1617.366916
2693,1616.913215
2694,1613.714189
2695,1608.901884
2696,1609.042047
2697,1609.119425
2698,1609.102688
2699,1609.006252
2700,1608.900419
2701,1604.944572
2702,1602.908823
2703,1602.898811
2704,1601.691218
2705,1595.412952
2706,1595.3367
2707,1595.3367
2708,1588.95351
2709,1587.166664
2710,1587.31662
2711,1582.446924
2712,1578.1381
2713,1578.1381
2714,1575.716505
2715,1567.4501
2716,1567.4501
2717,1567.321193
2718,1553.295246
2719,1553.243
2720,1553.251386
2721,1542.904502
2722,1534.4636
2723,1534.764421
2724,1521.602485
2725,1517.229025
2726,1517.115794
2727,1508.464751
2728,1492.255981
2729,1491.6716
2730,1489.321524
2731,1464.409525
2732,1466.141202
2733,1469.612436
2734,1462.508831
2735,1444.730513
2736,1441.575221
2737,1435.756569
2738,1421.237614
2739,1421.2107
2740,1421.154556
2741,1404.657242
2742,1404.3363
2743,1404.3363
2744,1391.472612
2745,1359.349779
2746,1355.4589
2747,1355.4589
2748,1335.92294
2749,1329.8104
2750,1329.8104
2751,1321.343339
2752,1301.768
2753,1301.768
2754,1301.768
2755,1271.191475
2756,1268.9897
2757,1268.9897
2758,1264.760362
2759,1246.6904
2760,1246.6904
2761,1227.805503
2762,1217.3647
2763,1049.4807
2764,1004.676472
2765,953.069
2766,953.069
2767,953.069
2768,953.069
2769,953.069
2770,915.9826972
2771,863.22394
2772,863.22394
2773,863.22394
2774,863.22394
2775,863.22394
2776,863.22394
2777,801.966336
2778,757.30786
2779,757.30786
2780,757.30786
2781,757.30786
2782,757.30786
2783,753.8602488
2784,654.2758
2785,654.2758
2786,654.2758
2787,654.2758
2788,654.2758
2789,654.2758
2790,621.646984
2791,542.73157
2792,542.73157
2793,542.73157
2794,542.73157
2795,542.73157
2796,542.73157
2797,476.4709319
2798,459.3706
2799,459.3706
2800,459.3706
2801,459.3706
2802,459.3706
2803,443.0064945
2804,381.40176
2805,381.40176
2806,381.40176
2807,381.40176
2808,381.40176
2809,381.40176
2810,366.8078331
2811,349.8133514
2812,349.54626
2813,348.4217514
2814,315.2954295
2815,319.9536165
2816,331.6799342
2817,320.6927238
2818,311.3531521
2819,311.8026188
2820,307.1936613
2821,287.501922
2822,282.3981824
2823,272.3030546
2824,259.0911059
2825,251.4864345
2826,251.3204
2827,246.7539627
2828,245.65704
2829,245.65704
2830,248.8125854
2831,254.49811
2832,245.4857948
2833,240.3912858
2834,240.9900342
2835,241.280329
2836,231.2783372
2837,232.9373932
2838,224.9343212
2839,223.94406
2840,218.0309614
2841,213.7083195
2842,210.4885152
2843,205.300365
2844,202.244046
2845,197.26146
2846,196.8761451
2847,188.55853
2848,188.55853
2849,188.55853
2850,184.8355625
2851,181.92685
2852,181.92685
2853,171.43077
2854,170.68345
2855,169.62222
2856,169.62222
2857,169.6216133
2858,169.57951
2859,169.57951
2860,169.57951
2861,3229.153377
2862,1708.5322
2863,1708.5322
2864,1708.5322
2865,1706.749262
2866,1703.9945
2867,1703.9945
2868,1703.851
2869,1701.268
2870,1701.268
2871,1701.268
2872,1699.694438
2873,1698.4758
2874,1698.4758
2875,1698.150482
2876,1679.295542
2877,1677.5659
2878,1677.564914
2879,1675.047517
2880,1675.0232
2881,1672.880169
2882,1672.542397
2883,776.1196
2884,776.1196
2885,776.1196
2886,750.1108117
2887,672.72
2888,672.72
2889,493.8613
2890,493.8613
2891,493.8613
2892,478.0366022
2893,421.1552
2894,421.1552
2895,421.1552
2896,421.1552
2897,421.1552
2898,421.1552
2899,412.1040909
2900,373.19986
2901,373.19986
2902,373.19986
2903,373.19986
2904,373.19986
2905,364.1613114
2906,319.858
2907,319.858
2908,319.858
2909,319.858
2910,319.858
2911,319.858
2912,1542.827741
2913,1534.4636
2914,1517.400327
2915,1514.0941
2916,1514.0941
2917,1503.190826
2918,1463.7886
2919,1454.324381
2920,1437.2067
2921,1437.2067
2922,315.0512
2923,294.1571694
2924,285.72873
2925,285.72873
2926,277.6487928
2927,261.42847
2928,261.42847
2929,246.8738118
2930,239.3305
2931,239.3305
2932,238.8135182
2933,228.97328
2934,228.7926034
2935,219.1860146
2936,219.18248
2937,214.4174244
2938,210.54701
2939,206.3477695
2940,202.52551
2941,200.8110871
2942,3774.666374
